sequence,length,net_charge_pH7,hydrophobic_frac,n_studies,n_cell_lines,first_pubmed,any_type,any_cargo,flag_test_id40_hit,flag_val_id40_hit,flag_train_id40_hit,flag_train_id80_hit,keep_for_v5
RRRPPWLRLDIRRK,14,6,0.2857142857142857,1.0,1.0,34277705.0,Cellular uptake,FITC,False,False,True,True,True
CGRRRR,6,4,0.0,,,,,,False,False,False,False,True
CGRRRRRRRRRRRR,14,12,0.0,,,,,,False,False,False,False,True
NGVQPKYKWWKWWKKWW,17,5,0.4117647058823529,,,,,,False,False,False,False,True
KRRRGGKKRRDLTFKEYWDQLTSAA,25,6,0.24,,,,,,False,False,False,False,True
KRRRRRRRRRRELTFKEYWDQLTSAA,26,9,0.2307692307692307,,,,,,False,False,False,False,True
LAKLAKAAAKLLKAAAKAL,19,5,0.7368421052631579,,,,,,False,False,False,False,True
RRRRRRRRREEEEEEEEE,18,0,0.0,,,,,,False,False,False,False,True
RRRRRWWWRRRREEEEEEEEE,21,0,0.1428571428571428,,,,,,False,False,True,True,True
RWRWRWRWRWRWEEEEEEEEE,21,-3,0.2857142857142857,,,,,,False,False,True,False,True
KIIIIDGSTSRDHLVLHEYVNAAGITA,27,-1,0.4444444444444444,,,,,,False,False,False,False,True
KLIILIIDGSTSRDHLVLHEYVNAAGITA,29,-1,0.4827586206896552,,,,,,False,False,False,True,True
LIILIIGSTSRDHLVLHEYVNAAGITA,27,-1,0.5185185185185185,,,,,,True,False,True,False,True
MIILIIGSTSRDHLVLHEYVNAAGITA,27,-1,0.5185185185185185,,,,,,True,False,True,False,True
MIILIIMGVADLIKKFESISKEE,23,-1,0.5652173913043478,1.0,1.0,27966361.0,Cellular uptake,Carboxyfluorescein,False,False,False,False,True
PLILLRLLRGSTSRDHLVLHEYVNAAGITA,30,1,0.4666666666666667,,,,,,True,False,True,False,True
FIDIIIKILLIGSTSRDHLVLHEYVNAAGITA,32,-1,0.53125,,,,,,False,False,False,False,True
GIGAVLKVLTTGLPALISWIKRKRQQ,26,5,0.4615384615384615,,,,,,True,False,True,True,True
AGRKARRQRRR,11,7,0.1818181818181818,,,,,,False,False,False,False,True
AGRKKRRARRR,11,8,0.1818181818181818,,,,,,False,False,False,False,True
YGRKARRQARR,11,6,0.1818181818181818,,,,,,False,False,False,False,True
YGRAARRQARA,11,4,0.3636363636363636,,,,,,False,False,False,False,True
YGRAAARQARA,11,3,0.4545454545454545,,,,,,False,False,False,False,True
YGRKARRQRR,10,6,0.1,,,,,,False,False,False,False,True
AGRRKKRRARRR,12,9,0.1666666666666666,,,,,,False,False,False,False,True
YGRAARRQARR,11,5,0.2727272727272727,,,,,,False,False,False,False,True
FLRKRLRKFRNKIKEK,16,8,0.3125,,,,,,True,False,True,False,True
AGLRKAAARLRKFRNKAAAIKEK,23,8,0.4782608695652174,,,,,,False,False,False,False,True
YGRKKRRQRRRCAGFAWNVCVYRNGVRVCHRRAN,34,12,0.2647058823529412,,,,,,True,False,False,False,True
GFAWNVCVYRNGVRVCHRRAN,21,4,0.3809523809523809,1.0,1.0,30095906.0,Cellular uptake,FITC,False,False,False,False,True
RADPAYQARFLGKRKFICL,19,4,0.4210526315789473,,,,,,False,False,False,False,True
KRKFICLGRADPAYQARFL,19,4,0.4210526315789473,,,,,,False,False,False,False,True
GRRARRARRA,10,6,0.3,,,,,,False,False,False,False,True
KLALKLALKALKAALKLAGCRGDFC,25,5,0.56,,,,,,False,False,True,True,True
KLALKLALKALKAALKLAGCA,21,5,0.6666666666666666,,,,,,False,False,True,True,True
KLALKLALKALKACRGDFCLKLAG,24,5,0.5416666666666666,,,,,,False,False,False,False,True
KCRGDFCALKLALKALKACRGDFCLKLAG,29,5,0.4482758620689655,,,,,,False,False,False,False,True
KLALKLACRGDFCKALKACRGDFCLKLAG,29,5,0.4482758620689655,,,,,,False,False,False,False,True
KCRGDFCALKLACRGDFCKALKACRGDFCLKLAG,34,5,0.3823529411764705,,,,,,False,False,False,False,True
AGKKKKKKKKK,11,9,0.0909090909090909,,,,,,False,False,False,False,True
AGRRRRRRRRR,11,9,0.0909090909090909,,,,,,False,False,False,False,True
AGGPPGPPGPPGPPGPPGPPGPPGPPGRRGRRG,33,4,0.0303030303030303,,,,,,False,False,False,False,True
AGYLLGHINLHHLAHLAHHIL,21,0,0.5238095238095238,,,,,,True,False,True,True,True
CPRILMRCKQDSDCLAGCVCGPNGFCG,27,1,0.2592592592592592,1.0,1.0,31061420.0,Cellular uptake,"Xfect, Alexa488, Noco",False,False,True,False,True
YGRKKRRQRRRNIETDVIETDV,22,4,0.1818181818181818,,,,,,False,False,True,False,True
FKKLKKLFSKLWNWK,15,6,0.4666666666666667,1.0,1.0,29396568.0,Cellular uptake,FITC,False,False,False,False,True
FKKLKKLFSKLWNWKCRGDKGPDC,24,6,0.2916666666666667,1.0,1.0,29396568.0,Cellular uptake,FITC,False,False,False,False,True
IWLTALKFLGKHAAKHEAKQQLSKLGK,27,5,0.4444444444444444,,,,,,False,False,False,False,True
IWLTALKFLGKHAAKHEAKQQLSKLGRRGK,30,7,0.4,,,,,,False,False,False,False,True
IWLTALKFLGKHAAKHEAKQQLSKLGRRRRGK,32,9,0.375,,,,,,False,False,False,False,True
RRGIWLTALKFLGKHAAKHEAKQQLSKLGK,30,7,0.4,,,,,,False,False,False,False,True
RRRRGIWLTALKFLGKHAAKHEAKQQLSKLGK,32,9,0.375,,,,,,False,False,False,False,True
KKRRQRRR,8,7,0.0,1.0,1.0,11087855.0,Cellular uptake,Fluorescein,False,False,False,False,True
RRRRRRRR,8,8,0.0,16.0,13.0,11087855.0,Cellular uptake,Fluorescein,False,False,False,False,True
KMDCRWRWKKK,11,5,0.2727272727272727,1.0,1.0,21319732.0,Cellular uptake,FITC,False,False,False,False,True
KGKKIFIMK,9,4,0.4444444444444444,1.0,1.0,20659686.0,Translocation,,False,False,False,False,True
MRRRRRRR,8,7,0.125,1.0,1.0,30410976.0,Uptake,Rho-labeled SNAP-tag,False,False,False,False,True
HDLPKGG,7,0,0.1428571428571428,1.0,1.0,29721534.0,Uptake,PMO,False,False,False,False,True
AGSHRRL,7,2,0.2857142857142857,1.0,1.0,29721534.0,Uptake,PMO,False,False,False,False,True
RKLRRLLRRLKRL,13,8,0.3846153846153846,1.0,1.0,34994362.0,Internalization efficency,(alpha-D-glucose)4-TAMRA,False,False,False,False,True
KRKLRRLLRRLKRL,14,9,0.3571428571428571,1.0,1.0,34994362.0,Internalization efficency,(alpha-D-glucose)6-TAMRA,False,False,False,False,True
KVRVRVRVDPPTRVRERVKC,20,6,0.3,1.0,1.0,31339694.0,Cellular uptake,FITC,False,False,False,False,True
CAAKA,5,1,0.6,1.0,5.0,30240193.0,Cellular uptake,QDs,False,False,False,False,True
MTYPRRRFRRRRHRPRS,17,9,0.1176470588235294,1.0,3.0,30108178.0,Cellular uptake,FITC,False,False,False,False,True
CPKILKKCRRDSDCPGACICRGNGYCGSGSDEETGEGGV,39,0,0.1282051282051282,1.0,1.0,34152716.0,Cellular uptake,Alexa488,False,False,False,False,True
CPFWRRRRCKRDSDCPGACICRGNGYCGSGCDEETGECGV,40,1,0.125,1.0,1.0,34152716.0,Cellular uptake,Alexa488,False,False,False,False,True
GIGAVLKVLTTGLPALISWIKRKRQ,25,5,0.48,1.0,1.0,32561686.0,Cellular uptake,DiI,True,False,True,True,True
NVFKGNTISDKISFNFSDK,19,1,0.3157894736842105,1.0,1.0,29247010.0,Cellular uptake,PA,False,False,False,False,True
KLAKLAKKLAKLAKRRWRRWNRFNRRRCR,29,15,0.3793103448275862,,,,,,False,False,False,False,True
KKWWWWKK,8,4,0.5,1.0,1.0,28933182.0,Cellular uptake,FITC,False,False,False,False,True
KKKWWWWKKK,10,6,0.4,1.0,1.0,28933182.0,Cellular uptake,FITC,False,False,False,False,True
WWKKKKWW,8,4,0.5,1.0,1.0,28933182.0,Cellular uptake,FITC,False,False,False,False,True
WWWKKKKWWW,10,4,0.6,1.0,1.0,28933182.0,Cellular uptake,FITC,False,False,False,False,True
CREKAPLGLAGRKKRRQRRRC,21,9,0.1904761904761904,1.0,1.0,29686590.0,Cellular uptake,FITC,False,False,False,False,True
LSRTRAAAPNSRIFTR,16,4,0.375,1.0,3.0,30367921.0,Cellular uptake,TAM,True,False,False,False,True
LSRTRAAAPNSRIFTRGLRKRLRKFRNKIKEK,32,12,0.3125,1.0,3.0,30367921.0,Cellular uptake,TAM,False,False,False,False,True
LRSSVVRSRATLR,13,4,0.3846153846153846,1.0,3.0,30367921.0,Cellular uptake,TAM,False,False,False,False,True
LRSSVVRSRATLRGLRKRLRKFRNKIKEK,29,12,0.3103448275862069,1.0,3.0,30367921.0,Cellular uptake,TAM,False,False,False,False,True
KQRFIR,6,3,0.3333333333333333,1.0,3.0,30367921.0,Cellular uptake,TAM,False,False,False,False,True
KQRFIRGLRKRLRKFRNKIKEK,22,11,0.2727272727272727,1.0,3.0,30367921.0,Cellular uptake,TAM,False,False,False,False,True
SEEIITPVYCTGVSAQVQKGLRKRLRKFRNKIKEK,35,7,0.2857142857142857,1.0,3.0,30367921.0,Cellular uptake,TAM,False,False,False,False,True
KWCFRVCYRGICYRRCRG,18,6,0.2222222222222222,1.0,4.0,31714739.0,Cellular uptake,Alexa488,True,False,True,True,True
KWCFRVCSRGSCYRRCRG,18,6,0.1666666666666666,1.0,4.0,31714739.0,Cellular uptake,Alexa488,True,False,True,False,True
KWCSRVCYRGICSRRCRG,18,6,0.1666666666666666,1.0,4.0,31714739.0,Cellular uptake,Alexa488,True,False,True,True,True
LTFKEYWDQLTSAA,14,-1,0.4285714285714285,1.0,2.0,33533253.0,Cellular uptake,Alexa488,False,False,False,False,True
GGLIKTKRKRKKQRVKIAYEEIFVKNM,27,8,0.3333333333333333,1.0,2.0,31672541.0,Cellular uptake,TAMRA,False,False,False,False,True
KLSSIESDV,9,-1,0.3333333333333333,1.0,1.0,32674358.0,Live cell peptide uptake,TAMRA,False,False,False,False,True
CRRRRRRRRVKRKKKP,16,13,0.0625,1.0,1.0,26784985.0,Cellular uptake,P-GFLG-FITC,False,False,False,False,True
KRKIFCL,7,3,0.4285714285714285,,,,,,False,False,False,False,True
KRKKRRQRRR,10,9,0.0,,,,,,False,False,False,False,True
KRRRQRRKKR,10,9,0.0,,,,,,False,False,False,False,True
KRRRRR,6,6,0.0,,,,,,False,False,False,False,True
KRRRRRR,7,7,0.0,,,,,,False,False,False,False,True
KRRRRRRR,8,8,0.0,,,,,,False,False,False,False,True
GKLALKLALKALKAALKLAGC,21,5,0.6190476190476191,,,,,,False,False,True,True,True
GRLLRLLRLP,10,3,0.5,,,,,,False,False,False,False,True
GRLLRLPRLP,10,3,0.4,,,,,,False,False,False,False,True
GRLPRLPRLP,10,3,0.3,,,,,,False,False,False,False,True
ARRARRARRA,10,6,0.4,,,,,,False,False,False,False,True
FARRRRQADELI,12,2,0.4166666666666667,,,,,,False,False,False,False,True
GRKRRARRKRYQFLIRKRARKRA,23,14,0.2608695652173913,,,,,,False,False,False,False,True
GDCLPHLKLC,10,0,0.3,,,,,,False,False,False,False,True
RAELPRRAELPRRAELPRRAELPR,24,4,0.3333333333333333,,,,,,False,False,False,False,True
RAEDPRRAEDPRRAEDPRRAEDPR,24,0,0.1666666666666666,,,,,,False,False,False,False,True
RAPLPRRAPLPRRAPLPRRAPLPR,24,8,0.3333333333333333,,,,,,False,False,False,False,True
RAPDPRRAPDPRRAPDPRRAPDPR,24,4,0.1666666666666666,,,,,,False,False,False,False,True
RKRRKRRKRRKR,12,12,0.0,,,,,,False,False,False,False,True
CGRKKRRQRRKRPPQ,15,9,0.0,,,,,,False,False,False,False,True
CGRKKRKRQRRRPPQ,15,9,0.0,,,,,,False,False,False,False,True
CGRKKRRQRKRRPPQ,15,9,0.0,,,,,,False,False,False,False,True
CGRKKRKRQRKRKRPPQ,17,11,0.0,,,,,,False,False,False,False,True
INLKKLAKLAKKIL,14,5,0.5714285714285714,,,,,,False,False,False,False,True
LIKKALKALKKLNI,14,5,0.5714285714285714,,,,,,False,False,False,False,True
RAHRRAHRRAHRRAHRA,17,8,0.2941176470588235,,,,,,False,False,False,False,True
RRRRRRRRA,9,8,0.1111111111111111,,,,,,False,False,False,False,True
GANIIAPLLAPIC,13,0,0.6153846153846154,,,,,,False,False,False,False,True
GANIIAALLAAIC,13,0,0.7692307692307693,,,,,,False,False,False,False,True
GANIIAPLLAAIC,13,0,0.6923076923076923,,,,,,False,False,False,False,True
GANIIAALLAPIC,13,0,0.6923076923076923,,,,,,False,False,False,False,True
ATSPLNIHNGQKL,13,1,0.3076923076923077,,,,,,False,False,True,False,True
WTSPLNIHNGQKL,13,1,0.3076923076923077,,,,,,False,False,True,False,True
NQHSKNTLLIGP,12,1,0.25,1.0,1.0,31450798.0,Uptake,IR800,False,False,False,False,True
AWLPNSNHIKQGL,13,1,0.3846153846153846,,,,,,False,False,False,False,True
WTLPNSNHIKQGL,13,1,0.3076923076923077,,,,,,False,False,False,False,True
FARRRRQA,8,4,0.375,,,,,,False,False,False,False,True
FFARRRRQA,9,4,0.4444444444444444,,,,,,False,False,False,False,True
RRLRRLRRL,9,6,0.3333333333333333,,,,,,False,False,False,False,True
RRPRRPRRP,9,6,0.0,,,,,,False,False,False,False,True
FKFEFKFESGSGSGRKKRRQRRRPQ,25,8,0.16,,,,,,False,False,False,False,True
RKRRQTSMTDFYHSKRRLIFS,21,6,0.238095238095238,,,,,,False,False,True,True,True
