sequence,length,net_charge_pH7,hydrophobic_frac,n_studies,n_cell_lines,first_pubmed,any_type,any_cargo
RRRPPWLRLDIRRK,14,6,0.2857142857142857,1.0,1.0,34277705.0,Cellular uptake,FITC
CGRRRR,6,4,0.0,,,,,
CGRRRRRRRRRRRR,14,12,0.0,,,,,
RGGRLSYSRRRFSTSTGRVPGVVVVVGGGAAGLPRHSAVMERLRRRIELCRRHHSTCEARYEAVSPERLELERQHTFALHQRCIQAKAKRAGKH,94,14,0.30851063829787234,1.0,2.0,28140690.0,Cellular uptake,Fluorescein
RGGRLSYSRRRFSTSTGRVPGVGGGGGGGAAAAAAAAGLPRHSAVMERLRRRIELCRRHHSTCEARYEAVSPERLELERQHTFALHQRCIQAKAKRAGKH,100,14,0.31,1.0,2.0,28140690.0,Cellular uptake,Fluorescein
NGVQPKYKWWKWWKKWW,17,5,0.4117647058823529,,,,,
KRRRGGKKRRDLTFKEYWDQLTSAA,25,6,0.24,,,,,
KRRRRRRRRRRELTFKEYWDQLTSAA,26,9,0.23076923076923078,,,,,
LAKLAKAAAKLLKAAAKAL,19,5,0.7368421052631579,,,,,
RRRRRRRRREEEEEEEEE,18,0,0.0,,,,,
RRRRRWWWRRRREEEEEEEEE,21,0,0.14285714285714285,,,,,
RWRWRWRWRWRWEEEEEEEEE,21,-3,0.2857142857142857,,,,,
KIIIIDGSTSRDHLVLHEYVNAAGITA,27,-1,0.4444444444444444,,,,,
KLIILIIDGSTSRDHLVLHEYVNAAGITA,29,-1,0.4827586206896552,,,,,
LIILIIGSTSRDHLVLHEYVNAAGITA,27,-1,0.5185185185185185,,,,,
MIILIIGSTSRDHLVLHEYVNAAGITA,27,-1,0.5185185185185185,,,,,
MIILIIMGVADLIKKFESISKEE,23,-1,0.5652173913043478,1.0,1.0,27966361.0,Cellular uptake,Carboxyfluorescein
PLILLRLLRGSTSRDHLVLHEYVNAAGITA,30,1,0.4666666666666667,,,,,
FIDIIIKILLIGSTSRDHLVLHEYVNAAGITA,32,-1,0.53125,,,,,
GIGAVLKVLTTGLPALISWIKRKRQQ,26,5,0.46153846153846156,,,,,
AGRKARRQRRR,11,7,0.18181818181818182,,,,,
AGRKKRRARRR,11,8,0.18181818181818182,,,,,
YGRKARRQARR,11,6,0.18181818181818182,,,,,
YGRAARRQARA,11,4,0.36363636363636365,,,,,
YGRAAARQARA,11,3,0.45454545454545453,,,,,
YGRKARRQRR,10,6,0.1,,,,,
AGRRKKRRARRR,12,9,0.16666666666666666,,,,,
YGRAARRQARR,11,5,0.2727272727272727,,,,,
FLRKRLRKFRNKIKEK,16,8,0.3125,,,,,
AGLRKAAARLRKFRNKAAAIKEK,23,8,0.4782608695652174,,,,,
YGRKKRRQRRRCAGFAWNVCVYRNGVRVCHRRAN,34,12,0.2647058823529412,,,,,
GFAWNVCVYRNGVRVCHRRAN,21,4,0.38095238095238093,1.0,1.0,30095906.0,Cellular uptake,FITC
RADPAYQARFLGKRKFICL,19,4,0.42105263157894735,,,,,
KRKFICLGRADPAYQARFL,19,4,0.42105263157894735,,,,,
GRRARRARRA,10,6,0.3,,,,,
KLALKLALKALKAALKLAGCRGDFC,25,5,0.56,,,,,
KLALKLALKALKAALKLAGCA,21,5,0.6666666666666666,,,,,
KLALKLALKALKACRGDFCLKLAG,24,5,0.5416666666666666,,,,,
KCRGDFCALKLALKALKACRGDFCLKLAG,29,5,0.4482758620689655,,,,,
KLALKLACRGDFCKALKACRGDFCLKLAG,29,5,0.4482758620689655,,,,,
KCRGDFCALKLACRGDFCKALKACRGDFCLKLAG,34,5,0.38235294117647056,,,,,
AGKKKKKKKKK,11,9,0.09090909090909091,,,,,
AGRRRRRRRRR,11,9,0.09090909090909091,,,,,
AGGPPGPPGPPGPPGPPGPPGPPGPPGRRGRRG,33,4,0.030303030303030304,,,,,
AGYLLGHINLHHLAHLAHHIL,21,0,0.5238095238095238,,,,,
CPRILMRCKQDSDCLAGCVCGPNGFCG,27,1,0.25925925925925924,1.0,1.0,31061420.0,Cellular uptake,"Xfect, Alexa488, Noco"
YGRKKRRQRRRNIETDVIETDV,22,4,0.18181818181818182,,,,,
FKKLKKLFSKLWNWK,15,6,0.4666666666666667,1.0,1.0,29396568.0,Cellular uptake,FITC
FKKLKKLFSKLWNWKCRGDKGPDC,24,6,0.2916666666666667,1.0,1.0,29396568.0,Cellular uptake,FITC
IWLTALKFLGKHAAKHEAKQQLSKLGK,27,5,0.4444444444444444,,,,,
IWLTALKFLGKHAAKHEAKQQLSKLGRRGK,30,7,0.4,,,,,
IWLTALKFLGKHAAKHEAKQQLSKLGRRRRGK,32,9,0.375,,,,,
RRGIWLTALKFLGKHAAKHEAKQQLSKLGK,30,7,0.4,,,,,
RRRRGIWLTALKFLGKHAAKHEAKQQLSKLGK,32,9,0.375,,,,,
KKRRQRRR,8,7,0.0,1.0,1.0,11087855.0,Cellular uptake,Fluorescein
RRRRRRRR,8,8,0.0,16.0,13.0,11087855.0,Cellular uptake,Fluorescein
KMDCRWRWKKK,11,5,0.2727272727272727,1.0,1.0,21319732.0,Cellular uptake,FITC
KGKKIFIMK,9,4,0.4444444444444444,1.0,1.0,20659686.0,Translocation,
EEE,3,-3,0.0,1.0,1.0,21029412.0,Uptake,FITC
LCLR,4,1,0.5,1.0,1.0,24811205.0,Uptake,"FITC, TAMRA"
LLR,3,1,0.6666666666666666,1.0,1.0,24811205.0,Uptake,"FITC, TAMRA"
LLLR,4,1,0.75,1.0,1.0,24811205.0,Uptake,"FITC, TAMRA"
IIIR,4,1,0.75,1.0,1.0,24811205.0,Uptake,"FITC, TAMRA"
VVVR,4,1,0.75,1.0,1.0,24811205.0,Uptake,"FITC, TAMRA"
LCLK,4,1,0.5,1.0,1.0,24811205.0,Uptake,"FITC, TAMRA"
LCLH,4,0,0.5,1.0,1.0,24811205.0,Uptake,"FITC, TAMRA"
LCLE,4,-1,0.5,1.0,1.0,24811205.0,Uptake,"FITC, TAMRA"
LCLN,4,0,0.5,1.0,1.0,24811205.0,Uptake,"FITC, TAMRA"
LCLQ,4,0,0.5,1.0,1.0,24811205.0,Uptake,"FITC, TAMRA"
RRR,3,3,0.0,1.0,1.0,22465335.0,Transduction,TMR
MRRRRRRR,8,7,0.125,1.0,1.0,30410976.0,Uptake,Rho-labeled SNAP-tag
HDLPKGG,7,0,0.14285714285714285,1.0,1.0,29721534.0,Uptake,PMO
AGSHRRL,7,2,0.2857142857142857,1.0,1.0,29721534.0,Uptake,PMO
RWQW,4,1,0.5,1.0,1.0,26942714.0,Internalization,FITC
RKLRRLLRRLKRL,13,8,0.38461538461538464,1.0,1.0,34994362.0,Internalization efficency,(alpha-D-glucose)4-TAMRA
KRKLRRLLRRLKRL,14,9,0.35714285714285715,1.0,1.0,34994362.0,Internalization efficency,(alpha-D-glucose)6-TAMRA
KVRVRVRVDPPTRVRERVKC,20,6,0.3,1.0,1.0,31339694.0,Cellular uptake,FITC
CAAKA,5,1,0.6,1.0,5.0,30240193.0,Cellular uptake,QDs
MTYPRRRFRRRRHRPRS,17,9,0.11764705882352941,1.0,3.0,30108178.0,Cellular uptake,FITC
CPKILKKCRRDSDCPGACICRGNGYCGSGSDEETGEGGV,39,0,0.1282051282051282,1.0,1.0,34152716.0,Cellular uptake,Alexa488
CPFWRRRRCKRDSDCPGACICRGNGYCGSGCDEETGECGV,40,1,0.125,1.0,1.0,34152716.0,Cellular uptake,Alexa488
GIGAVLKVLTTGLPALISWIKRKRQ,25,5,0.48,1.0,1.0,32561686.0,Cellular uptake,DiI
NVFKGNTISDKISFNFSDK,19,1,0.3157894736842105,1.0,1.0,29247010.0,Cellular uptake,PA
KLAKLAKKLAKLAKRRWRRWNRFNRRRCR,29,15,0.3793103448275862,,,,,
KKWWWWKK,8,4,0.5,1.0,1.0,28933182.0,Cellular uptake,FITC
KKKWWWWKKK,10,6,0.4,1.0,1.0,28933182.0,Cellular uptake,FITC
WWKKKKWW,8,4,0.5,1.0,1.0,28933182.0,Cellular uptake,FITC
WWWKKKKWWW,10,4,0.6,1.0,1.0,28933182.0,Cellular uptake,FITC
CREKAPLGLAGRKKRRQRRRC,21,9,0.19047619047619047,1.0,1.0,29686590.0,Cellular uptake,FITC
LSRTRAAAPNSRIFTR,16,4,0.375,1.0,3.0,30367921.0,Cellular uptake,TAM
LSRTRAAAPNSRIFTRGLRKRLRKFRNKIKEK,32,12,0.3125,1.0,3.0,30367921.0,Cellular uptake,TAM
LRSSVVRSRATLR,13,4,0.38461538461538464,1.0,3.0,30367921.0,Cellular uptake,TAM
LRSSVVRSRATLRGLRKRLRKFRNKIKEK,29,12,0.3103448275862069,1.0,3.0,30367921.0,Cellular uptake,TAM
KQRFIR,6,3,0.3333333333333333,1.0,3.0,30367921.0,Cellular uptake,TAM
KQRFIRGLRKRLRKFRNKIKEK,22,11,0.2727272727272727,1.0,3.0,30367921.0,Cellular uptake,TAM
SEEIITPVYCTGVSAQVQKGLRKRLRKFRNKIKEK,35,7,0.2857142857142857,1.0,3.0,30367921.0,Cellular uptake,TAM
KWCFRVCYRGICYRRCRG,18,6,0.2222222222222222,1.0,4.0,31714739.0,Cellular uptake,Alexa488
KWCFRVCSRGSCYRRCRG,18,6,0.16666666666666666,1.0,4.0,31714739.0,Cellular uptake,Alexa488
KWCSRVCYRGICSRRCRG,18,6,0.16666666666666666,1.0,4.0,31714739.0,Cellular uptake,Alexa488
LTFKEYWDQLTSAA,14,-1,0.42857142857142855,1.0,2.0,33533253.0,Cellular uptake,Alexa488
GGLIKTKRKRKKQRVKIAYEEIFVKNM,27,8,0.3333333333333333,1.0,2.0,31672541.0,Cellular uptake,TAMRA
KLSSIESDV,9,-1,0.3333333333333333,1.0,1.0,32674358.0,Live cell peptide uptake,TAMRA
CRRRRRRRRVKRKKKP,16,13,0.0625,1.0,1.0,26784985.0,Cellular uptake,P-GFLG-FITC
KRKIFCL,7,3,0.42857142857142855,,,,,
KRKKRRQRRR,10,9,0.0,,,,,
KRRRQRRKKR,10,9,0.0,,,,,
KRRRRR,6,6,0.0,,,,,
KRRRRRR,7,7,0.0,,,,,
KRRRRRRR,8,8,0.0,,,,,
GKLALKLALKALKAALKLAGC,21,5,0.6190476190476191,,,,,
GRLLRLLRLP,10,3,0.5,,,,,
GRLLRLPRLP,10,3,0.4,,,,,
GRLPRLPRLP,10,3,0.3,,,,,
ARRARRARRA,10,6,0.4,,,,,
FARRRRQADELI,12,2,0.4166666666666667,,,,,
LCL,3,0,0.6666666666666666,,,,,
ICIR,4,1,0.5,,,,,
VCVR,4,1,0.5,,,,,
GRKRRARRKRYQFLIRKRARKRA,23,14,0.2608695652173913,,,,,
GDCLPHLKLC,10,0,0.3,,,,,
RAELPRRAELPRRAELPRRAELPR,24,4,0.3333333333333333,,,,,
RAEDPRRAEDPRRAEDPRRAEDPR,24,0,0.16666666666666666,,,,,
RAPLPRRAPLPRRAPLPRRAPLPR,24,8,0.3333333333333333,,,,,
RAPDPRRAPDPRRAPDPRRAPDPR,24,4,0.16666666666666666,,,,,
RKRRKRRKRRKR,12,12,0.0,,,,,
CGRKKRRQRRKRPPQ,15,9,0.0,,,,,
CGRKKRKRQRRRPPQ,15,9,0.0,,,,,
CGRKKRRQRKRRPPQ,15,9,0.0,,,,,
CGRKKRKRQRKRKRPPQ,17,11,0.0,,,,,
INLKKLAKLAKKIL,14,5,0.5714285714285714,,,,,
LIKKALKALKKLNI,14,5,0.5714285714285714,,,,,
RAHRRAHRRAHRRAHRA,17,8,0.29411764705882354,,,,,
RRRRRRRRA,9,8,0.1111111111111111,,,,,
GANIIAPLLAPIC,13,0,0.6153846153846154,,,,,
GANIIAALLAAIC,13,0,0.7692307692307693,,,,,
GANIIAPLLAAIC,13,0,0.6923076923076923,,,,,
GANIIAALLAPIC,13,0,0.6923076923076923,,,,,
ATSPLNIHNGQKL,13,1,0.3076923076923077,,,,,
WTSPLNIHNGQKL,13,1,0.3076923076923077,,,,,
NQHSKNTLLIGP,12,1,0.25,1.0,1.0,31450798.0,Uptake,IR800
AWLPNSNHIKQGL,13,1,0.38461538461538464,,,,,
WTLPNSNHIKQGL,13,1,0.3076923076923077,,,,,
FARRRRQA,8,4,0.375,,,,,
FFARRRRQA,9,4,0.4444444444444444,,,,,
RRLRRLRRL,9,6,0.3333333333333333,,,,,
RRPRRPRRP,9,6,0.0,,,,,
FKFEFKFESGSGSGRKKRRQRRRPQ,25,8,0.16,,,,,
RKKRRQRRREIWIAQELRRIGDEFNAYYARLLCCLLRAYYANFEDGIRRLEQAIWIERRRQRRKKR,66,14,0.3333333333333333,,,,,
RKRRQTSMTDFYHSKRRLIFS,21,6,0.23809523809523808,,,,,
